{"cameraMode":{"drawMode":0,"name":"Shaded","section":"Shading Mode"},"sceneLighting":true,"audioPlay":false,"sceneViewState":{"m_AlwaysRefresh":false,"showFog":true,"showSkybox":true,"showFlares":true,"showImageEffects":true,"showParticleSystems":true,"showVisualEffectGraphs":true,"m_FxEnabled":true},"in2DMode":false,"pivot":{"x":-0.9471119046211243,"y":-1.1870537996292115,"z":1.095062494277954},"rotation":{"x":-0.0019227714510634542,"y":0.9168336391448975,"z":-0.004408729262650013,"w":-0.3992471396923065},"size":5.126403331756592,"orthographic":true}